<?xml version="1.0" encoding="UTF-8" standalone="no"?>
<manifest xmlns="http://tizen.org/ns/packages" api-version="2.4" package="org.example.wifi" version="1.0.0">
    <profile name="mobile"/>
    <ui-application appid="org.example.wifi" exec="wifi" multiple="false" nodisplay="false" taskmanage="true" type="capp">
        <label>wifi</label>
        <icon>wifi.png</icon>
    </ui-application>
    <privileges>
        <privilege>http://tizen.org/privilege/network.get</privilege>
        <privilege>http://tizen.org/privilege/appmanager.launch</privilege>
        <privilege>http://tizen.org/privilege/network.set</privilege>
        <privilege>http://tizen.org/privilege/bluetooth</privilege>
    </privileges>
</manifest>
